first_name,last_name,email,phone,policy_type,agent_id
John,Doe,john.doe@example.com,555-123-4567,Health,1
Jane,Smith,jane.smith@example.com,555-987-6543,Life,2
Michael,Brown,michael.brown@example.com,555-222-3333,Dental,1
Emily,Johnson,emily.johnson@example.com,555-444-5555,Vision,3
David,Williams,david.williams@example.com,555-666-7777,Health,2
Sarah,Miller,sarah.miller@example.com,555-111-2222,Life,1
Daniel,Wilson,daniel.wilson@example.com,555-333-4444,Dental,2
Laura,Moore,laura.moore@example.com,555-555-6666,Vision,3
Robert,Taylor,robert.taylor@example.com,555-777-8888,Health,1
Olivia,Anderson,olivia.anderson@example.com,555-999-0000,Life,2
James,Thomas,james.thomas@example.com,555-101-2020,Dental,3
Sophia,Jackson,sophia.jackson@example.com,555-303-4040,Vision,1
William,White,william.white@example.com,555-505-6060,Health,2
Isabella,Harris,isabella.harris@example.com,555-707-8080,Life,3
Alexander,Martin,alexander.martin@example.com,555-909-0101,Dental,1
Mia,Thompson,mia.thompson@example.com,555-112-1314,Vision,2
Benjamin,Garcia,benjamin.garcia@example.com,555-151-6171,Health,3
Charlotte,Martinez,charlotte.martinez@example.com,555-181-9202,Life,1
Henry,Robinson,henry.robinson@example.com,555-212-2232,Dental,2
Amelia,Clark,amelia.clark@example.com,555-242-5262,Vision,3
Lucas,Lewis,lucas.lewis@example.com,555-272-8292,Health,1
Evelyn,Lee,evelyn.lee@example.com,555-303-1323,Life,2
Mason,Walker,mason.walker@example.com,555-333-4353,Dental,3
Harper,Hall,harper.hall@example.com,555-363-7383,Vision,1
Ethan,Allen,ethan.allen@example.com,555-394-0414,Health,2
Abigail,Young,abigail.young@example.com,555-424-3444,Life,3
Logan,Hernandez,logan.hernandez@example.com,555-454-6474,Dental,1
Ella,King,ella.king@example.com,555-484-9504,Vision,2
Jackson,Wright,jackson.wright@example.com,555-515-2535,Health,3
Avery,Lopez,avery.lopez@example.com,555-545-5565,Life,1
Sebastian,Hill,sebastian.hill@example.com,555-575-8595,Dental,2
Scarlett,Scott,scarlett.scott@example.com,555-606-1626,Vision,3
Owen,Green,owen.green@example.com,555-636-4656,Health,1
Grace,Adams,grace.adams@example.com,555-666-7686,Life,2
Leo,Baker,leo.baker@example.com,555-696-0717,Dental,3
Chloe,Gonzalez,chloe.gonzalez@example.com,555-727-3747,Vision,1
Wyatt,Nelson,wyatt.nelson@example.com,555-757-6777,Health,2
Lily,Carter,lily.carter@example.com,555-787-9808,Life,3
Nathan,Mitchell,nathan.mitchell@example.com,555-818-2838,Dental,1
Hannah,Perez,hannah.perez@example.com,555-848-5868,Vision,2
Jack,Roberts,jack.roberts@example.com,555-878-8898,Health,3
Zoe,Turner,zoe.turner@example.com,555-909-1929,Life,1
Ryan,Phillips,ryan.phillips@example.com,555-939-4959,Dental,2
Victoria,Campbell,victoria.campbell@example.com,555-969-7989,Vision,3
Samuel,Parker,samuel.parker@example.com,555-000-3030,Health,1
Luna,Evans,luna.evans@example.com,555-030-6060,Life,2
David,Edwards,david.edwards@example.com,555-060-9090,Dental,3
Aria,Collins,aria.collins@example.com,555-091-2121,Vision,1
Isaac,Stewart,isaac.stewart@example.com,555-121-5151,Health,2
Penelope,Sanchez,penelope.sanchez@example.com,555-151-8181,Life,3
Eli,Morris,eli.morris@example.com,555-182-1212,Dental,1
Riley,Rogers,riley.rogers@example.com,555-212-4242,Vision,2
